{
	"id": "2a75e140-7879-4c6f-92e3-a61dd88a404b",
	"name": "SALTO",
	"values": [
		{
			"key": "BaseUrl",
			"value": "todo.ly/api/projects",
			"enabled": true
		},
		{
			"key": "Content",
			"value": "ImanProject",
			"enabled": true
		},
		{
			"key": "Content2",
			"value": "ImanProjectupdate",
			"enabled": true
		},
		{
			"key": "Icon",
			"value": "1",
			"enabled": true
		}
	],
	"_postman_variable_scope": "environment",
	"_postman_exported_at": "2021-02-05T00:34:17.723Z",
	"_postman_exported_using": "Postman/7.36.1"
}