{
	"info": {
		"_postman_id": "b0d75d27-556a-43c0-b81b-beb79511d7e2",
		"name": "SALTO",
		"schema": "https://schema.getpostman.com/json/collection/v2.1.0/collection.json"
	},
	"item": [
		{
			"name": "Get all Projects",
			"event": [
				{
					"listen": "test",
					"script": {
						"exec": [
							"pm.test(\"Status code is 200\", function () {\r",
							"    pm.response.to.have.status(200);\r",
							"});\r",
							"pm.test(\"Body matches string\", function () {\r",
							"    pm.expect(pm.response.text()).to.include(\"Id\",\"Content\",\"ItemsCount\"); //there's at least one project there\r",
							"});\r",
							"var data = JSON.parse(responseBody);   \r",
							"pm.globals.set(\"Project_to_be_Deleted\", data[0].Id); //assign the ID of the first project to be deleted to test the delete API \r",
							"console.log(data[0].Id); //print the first project ID to confirm that the project has been created also to use it to test the delete API \r",
							"\r",
							""
						],
						"type": "text/javascript"
					}
				}
			],
			"request": {
				"auth": {
					"type": "basic",
					"basic": [
						{
							"key": "password",
							"value": "iman",
							"type": "string"
						},
						{
							"key": "username",
							"value": "iman.m.m.ali.a@gmail.com",
							"type": "string"
						}
					]
				},
				"method": "GET",
				"header": [],
				"url": {
					"raw": "{{BaseUrl}}.json",
					"host": [
						"{{BaseUrl}}",
						"json"
					]
				}
			},
			"response": []
		},
		{
			"name": "create new Project",
			"event": [
				{
					"listen": "test",
					"script": {
						"exec": [
							"pm.test(\"New project created successfully\", function () { //make sure status code is 200 (success)\r",
							"    pm.expect(pm.response.code).to.be.oneOf([200]);\r",
							"});\r",
							"var content = pm.variables.get(\"Content\"); // make sure that the project name is correct\r",
							"pm.test(\"Check created project:\" + content, function () {\r",
							"    var response_content = pm.response.json();\r",
							"    pm.expect(response_content.Content).to.eql(content)\r",
							"    console.log(content)\r",
							"}); \r",
							"var response = JSON.parse(responseBody);  //update global variable called projectId to be used in the \"get project by Id\" test \r",
							"pm.globals.set(\"projectId\", response.Id); //set global variable to use it in other APIs\r",
							"console.log(response.Id); //print the project ID for confirmation"
						],
						"type": "text/javascript"
					}
				},
				{
					"listen": "prerequest",
					"script": {
						"exec": [
							"pm.environment.set(\"Content\",pm.variables.replaceIn('{{$randomFirstName}}')+ \"Project\"); //generate random name everytime "
						],
						"type": "text/javascript"
					}
				}
			],
			"request": {
				"auth": {
					"type": "basic",
					"basic": [
						{
							"key": "password",
							"value": "iman",
							"type": "string"
						},
						{
							"key": "username",
							"value": "iman.m.m.ali.a@gmail.com",
							"type": "string"
						}
					]
				},
				"method": "POST",
				"header": [],
				"body": {
					"mode": "raw",
					"raw": "\r\n{\r\n   \"Content\": \"{{Content}}\",\r\n   \"Icon\": \"4\"\r\n}\r\n",
					"options": {
						"raw": {
							"language": "json"
						}
					}
				},
				"url": {
					"raw": "{{BaseUrl}}.json",
					"host": [
						"{{BaseUrl}}",
						"json"
					],
					"query": [
						{
							"key": "Content",
							"value": "iman",
							"disabled": true
						}
					]
				}
			},
			"response": []
		},
		{
			"name": "Get project by ID",
			"event": [
				{
					"listen": "test",
					"script": {
						"exec": [
							"pm.test(\"Status code is 200\", function () {\r",
							"    pm.response.to.have.status(200);\r",
							"});\r",
							"\r",
							"var content = pm.variables.get(\"Content\");   //make sure project content is correct\r",
							"pm.test(\"The project content\", function () {\r",
							"    var response_content = pm.response.json();\r",
							"    pm.expect(response_content.Content).to.eql(content);\r",
							"});"
						],
						"type": "text/javascript"
					}
				}
			],
			"request": {
				"auth": {
					"type": "basic",
					"basic": [
						{
							"key": "password",
							"value": "iman",
							"type": "string"
						},
						{
							"key": "username",
							"value": "iman.m.m.ali.a@gmail.com",
							"type": "string"
						}
					]
				},
				"method": "GET",
				"header": [],
				"url": {
					"raw": "{{BaseUrl}}/{{projectId}}.json",
					"host": [
						"{{BaseUrl}}"
					],
					"path": [
						"{{projectId}}.json"
					]
				}
			},
			"response": []
		},
		{
			"name": "Update project by ID",
			"event": [
				{
					"listen": "test",
					"script": {
						"exec": [
							"pm.test(\"Status code is 200\", function () {\r",
							"    pm.response.to.have.status(200);\r",
							"});\r",
							"var content2 = pm.variables.get(\"Content2\"); //make sure project name is updated properly \r",
							"pm.test(\"project is updated\", function () {\r",
							"    var response_content = pm.response.json();\r",
							"    pm.expect(response_content.Content).to.eql(content2);\r",
							"});\r",
							"console.log(pm.variables.get(\"Content2\"));"
						],
						"type": "text/javascript"
					}
				}
			],
			"request": {
				"auth": {
					"type": "basic",
					"basic": [
						{
							"key": "password",
							"value": "iman",
							"type": "string"
						},
						{
							"key": "username",
							"value": "iman.m.m.ali.a@gmail.com",
							"type": "string"
						}
					]
				},
				"method": "PUT",
				"header": [],
				"body": {
					"mode": "raw",
					"raw": "{\r\n   \"Content\": \"{{Content2}}\",\r\n   \"Icon\": \"{{Icon}}\"\r\n}",
					"options": {
						"raw": {
							"language": "xml"
						}
					}
				},
				"url": {
					"raw": "{{BaseUrl}}/{{projectId}}.json",
					"host": [
						"{{BaseUrl}}"
					],
					"path": [
						"{{projectId}}.json"
					]
				}
			},
			"response": []
		},
		{
			"name": "Delete Project byID",
			"event": [
				{
					"listen": "test",
					"script": {
						"exec": [
							"pm.test(\"Status code is 200\", function () {\r",
							"    pm.response.to.have.status(200);\r",
							"});\r",
							"pm.test(\"Project is deleted\", function () { //make sure that the project is deleted\r",
							"    var project_deleted = pm.response.json();\r",
							"    pm.expect(project_deleted.Deleted).to.eql(true);\r",
							"});\r",
							""
						],
						"type": "text/javascript"
					}
				}
			],
			"request": {
				"auth": {
					"type": "basic",
					"basic": [
						{
							"key": "password",
							"value": "iman",
							"type": "string"
						},
						{
							"key": "username",
							"value": "iman.m.m.ali.a@gmail.com",
							"type": "string"
						}
					]
				},
				"method": "DELETE",
				"header": [],
				"body": {
					"mode": "raw",
					"raw": ""
				},
				"url": {
					"raw": "{{BaseUrl}}/{{Project_to_be_Deleted}}.json",
					"host": [
						"{{BaseUrl}}"
					],
					"path": [
						"{{Project_to_be_Deleted}}.json"
					]
				}
			},
			"response": []
		}
	]
}